time,angle,pid_output,disturbance
0,0,0,0
51,0,0,0
102,0,0,0
153,0,0,0
204,0,0,0
255,0,0,0
306,0,0,0
357,0,0,0
408,0,0,0
459,0,0,0
510,0,0,0
561,0,0,0
612,0,0,0
663,0,0,0
714,0,0,0
765,0,0,0
816,0,0,0
867,0,0,0
918,0,0,0
969,0,0,0
1020,0,0,0
1071,0,0,0
1122,0,0,0
1173,0,0,0
1224,0,0,0
1275,0,0,0
1326,0,0,0
1377,0,0,0
1428,0,0,0
1479,0,0,0
1530,0,0,0
1581,0,0,0
1632,0,0,0
1683,0,0,0
1734,0,0,0
1785,0,0,0
1836,0,0,0
1887,0,0,0
1938,0,0,0
1989,0,0,0
2040,1.53,0,15
2091,2.53,-69.26,15
2142,3.64,-54.61,15
2193,4.67,-65.86,15
2244,5.67,-68.88,15
2295,6.63,-74.28,15
2346,7.56,-78.77,15
2397,8.45,-83.38,15
2448,9.31,-87.78,15
2499,10.14,-92.08,15
2550,10.93,-96.26,15
2601,11.7,-100,15
2652,12.46,-100,15
2703,13.23,-100,15
2754,13.99,-100,15
2805,14.76,-100,15
2856,15.52,-100,15
2907,16.29,-100,15
2958,17.05,-100,15
3009,17.82,-100,15
3060,18.58,-100,15
3111,19.35,-100,15
3162,20.11,-100,15
3213,20.88,-100,15
3264,21.64,-100,15
3315,22.41,-100,15
3366,23.17,-100,15
3417,23.94,-100,15
3468,24.7,-100,15
3519,25.47,-100,15
3570,26.23,-100,15
3621,27,-100,15
3672,27.76,-100,15
3723,28.53,-100,15
3774,29.29,-100,15
3825,30.06,-100,15
3876,30.82,-100,15
3927,31.59,-100,15
3978,32.35,-100,15
4029,33.12,-100,15
4080,33.88,-100,15
4131,34.65,-100,15
4182,35.41,-100,15
4233,36.18,-100,15
4284,36.94,-100,15
4335,37.71,-100,15
4386,38.47,-100,15
4437,39.24,-100,15
4488,40,-100,15
4539,40.77,-100,15
4590,41.53,-100,15
4641,42.3,-100,15
4692,43.06,-100,15
4743,43.83,-100,15
4794,44.59,-100,15
4845,45.36,-100,15
4896,46.12,-100,15
4947,46.89,-100,15
4998,47.65,-100,15
5049,46.89,-100,0
5100,46.12,-100,0
5151,45.36,-100,0
5202,44.59,-100,0
5253,43.83,-100,0
5304,43.06,-100,0
5355,42.3,-100,0
5406,41.53,-100,0
5457,40.77,-100,0
5508,40,-100,0
5559,39.24,-100,0
5610,38.47,-100,0
5661,37.71,-100,0
5712,36.94,-100,0
5763,36.18,-100,0
5814,35.41,-100,0
5865,34.65,-100,0
5916,33.88,-100,0
5967,33.12,-100,0
6018,32.35,-100,0
6069,31.59,-100,0
6120,30.82,-100,0
6171,30.06,-100,0
6222,29.29,-100,0
6273,28.53,-100,0
6324,27.76,-100,0
6375,27,-100,0
6426,26.23,-100,0
6477,25.47,-100,0
6528,24.7,-100,0
6579,23.94,-100,0
6630,23.17,-100,0
6681,22.41,-100,0
6732,21.64,-100,0
6783,20.88,-100,0
6834,20.11,-100,0
6885,19.35,-100,0
6936,18.58,-100,0
6987,17.82,-100,0
7038,17.05,-100,0
7089,16.29,-100,0
7140,15.52,-100,0
7191,14.76,-100,0
7242,13.99,-100,0
7293,13.23,-100,0
7344,12.47,-99.35,0
7395,11.74,-94.99,0
7446,11.04,-91.94,0
7497,10.36,-88.63,0
7548,9.7,-85.56,0
7599,9.07,-82.55,0
7650,8.46,-79.66,0
7701,7.87,-76.87,0
7752,7.31,-74.18,0
7803,6.76,-71.58,0
7854,6.23,-69.08,0
7905,5.72,-66.66,0
7956,5.23,-64.32,0
8007,4.75,-62.07,0
8058,4.3,-59.9,0
8109,3.85,-57.8,0
8160,3.43,-55.78,0
8211,3.01,-53.82,0
8262,2.62,-51.94,0
8313,2.23,-50.12,0
8364,1.86,-48.37,0
8415,1.51,-46.67,0
8466,1.16,-45.04,0
8517,0.83,-43.46,0
8568,0.51,-41.94,0
8619,0.2,-40.47,0
8670,-0.1,-39.05,0
8721,-0.39,-37.68,0
8772,-0.67,-36.34,0
8823,-0.93,-35.04,0
8874,-1.19,-33.78,0
8925,-1.44,-32.55,0
8976,-1.68,-31.35,0
9027,-1.91,-30.18,0
9078,-2.13,-29.05,0
9129,-2.35,-27.95,0
9180,-2.55,-26.88,0
9231,-2.75,-25.83,0
9282,-2.94,-24.82,0
9333,-3.12,-23.83,0
9384,-3.3,-22.88,0
9435,-3.47,-21.95,0
9486,-3.63,-21.04,0
9537,-3.78,-20.16,0
9588,-3.93,-19.31,0
9639,-4.07,-18.48,0
9690,-4.21,-17.67,0
9741,-4.33,-16.89,0
9792,-4.46,-16.13,0
9843,-4.58,-15.39,0
9894,-4.69,-14.67,0
9945,-4.8,-13.97,0
9996,-4.9,-13.29,0
10047,-4.99,-12.64,0
10098,-5.09,-12,0
10149,-5.17,-11.38,0
10200,-5.25,-10.78,0
10251,-5.33,-10.2,0
10302,-5.41,-9.63,0
10353,-5.48,-9.08,0
10404,-5.54,-8.55,0
10455,-5.6,-8.04,0
10506,-5.66,-7.54,0
10557,-5.71,-7.05,0
10608,-5.76,-6.58,0
10659,-5.81,-6.13,0
10710,-5.86,-5.69,0
10761,-5.9,-5.26,0
10812,-5.93,-4.85,0
10863,-5.97,-4.44,0
10914,-6,-4.06,0
10965,-6.03,-3.68,0
11016,-6.05,-3.32,0
11067,-6.07,-2.97,0
11118,-6.09,-2.63,0
11169,-6.11,-2.3,0
11220,-6.13,-1.98,0
11271,-6.14,-1.67,0
11322,-6.15,-1.37,0
11373,-6.16,-1.09,0
11424,-6.16,-0.81,0
11475,-6.17,-0.54,0
11526,-6.17,-0.28,0
11577,-6.17,-0.03,0
11628,-6.17,0.21,0
11679,-6.17,0.44,0
11730,-6.16,0.67,0
11781,-6.15,0.88,0
11832,-6.15,1.09,0
11883,-6.14,1.29,0
